{
  "agent_id": "agent_3_shap",
  "timestamp": 1782663295.9865859,
  "timestamp_human": "2026-06-29 00:14:55",
  "data_samples": 1600,
  "param_combos": 80,
  "param_bounds": {
    "breakout_n": [
      10.0,
      50.0
    ],
    "trend_ma": [
      20.0,
      200.0
    ],
    "atr_stop_mult": [
      3.0,
      5.0
    ],
    "atr_trail_mult": [
      1.5,
      3.0
    ],
    "take_profit_r": [
      2.0,
      4.0
    ]
  },
  "strategy_versions_analyzed": [
    "v505",
    "v506"
  ],
  "data_source": {
    "v505_result": "/mnt/c/Users/Administrator.SK-20260514VARK/Documents/trae_projects/2026/hermes_v6/sandbox_trading/_v505_mtf_momentum_result.json",
    "v506_result": "/mnt/c/Users/Administrator.SK-20260514VARK/Documents/trae_projects/2026/hermes_v6/sandbox_trading/_v506_mtf_momentum_optimized_result.json",
    "v505_source": "/mnt/c/Users/Administrator.SK-20260514VARK/Documents/trae_projects/2026/hermes_v6/sandbox_trading/_v505_mtf_momentum.py",
    "v506_source": "/mnt/c/Users/Administrator.SK-20260514VARK/Documents/trae_projects/2026/hermes_v6/sandbox_trading/_v506_mtf_momentum_optimized.py",
    "engine": "v506 backtest_window (4h cooldown, trailing stop)"
  },
  "correlation_matrix": {
    "breakout_n": {
      "breakout_n": 1.0,
      "trend_ma": 0.00099973666655329,
      "atr_stop_mult": 0.015421567797947237,
      "atr_trail_mult": -0.04401485793588845,
      "take_profit_r": -0.08000711010992448
    },
    "trend_ma": {
      "breakout_n": 0.00099973666655329,
      "trend_ma": 1.0,
      "atr_stop_mult": -0.005673862308577552,
      "atr_trail_mult": 0.14269043101910756,
      "take_profit_r": 0.07347205090463543
    },
    "atr_stop_mult": {
      "breakout_n": 0.015421567797947237,
      "trend_ma": -0.005673862308577553,
      "atr_stop_mult": 1.0,
      "atr_trail_mult": 0.06772656769729742,
      "take_profit_r": -0.03708318934434614
    },
    "atr_trail_mult": {
      "breakout_n": -0.044014857935888455,
      "trend_ma": 0.14269043101910756,
      "atr_stop_mult": 0.0677265676972974,
      "atr_trail_mult": 1.0,
      "take_profit_r": 0.26194086139333805
    },
    "take_profit_r": {
      "breakout_n": -0.08000711010992448,
      "trend_ma": 0.07347205090463543,
      "atr_stop_mult": -0.03708318934434613,
      "atr_trail_mult": 0.261940861393338,
      "take_profit_r": 1.0
    }
  },
  "pca": {
    "explained_variance_ratio": [
      0.2702693022159447,
      0.2071735684750244,
      0.19846524769902615,
      0.1825745398249296,
      0.14151734178507508
    ],
    "loadings": {
      "PC1": {
        "breakout_n": -0.21774624380877763,
        "trend_ma": 0.39088238566534894,
        "atr_stop_mult": 0.045009338346216274,
        "atr_trail_mult": 0.6507874382160467,
        "take_profit_r": 0.6117576346933197
      },
      "PC2": {
        "breakout_n": 0.5499591939794553,
        "trend_ma": 0.2233144769654022,
        "atr_stop_mult": 0.757297967702377,
        "atr_trail_mult": 0.1852104245998677,
        "take_profit_r": -0.1996807854264488
      },
      "PC3": {
        "breakout_n": 0.6114664157835165,
        "trend_ma": 0.5204269316685394,
        "atr_stop_mult": -0.5939551410530897,
        "atr_trail_mult": -0.042535962683674405,
        "take_profit_r": -0.02593479242458191
      },
      "PC4": {
        "breakout_n": -0.5229387809793647,
        "trend_ma": 0.6999043008507373,
        "atr_stop_mult": 0.10786907838368015,
        "atr_trail_mult": -0.19727498715484515,
        "take_profit_r": -0.43141145368449285
      },
      "PC5": {
        "breakout_n": -0.05268122987660489,
        "trend_ma": -0.19139326894889497,
        "atr_stop_mult": -0.24506223683127062,
        "atr_trail_mult": 0.7081285760378272,
        "take_profit_r": -0.6317370691178709
      }
    },
    "n_components": 5,
    "singular_values": [
      46.49897222227132,
      40.71103717421354,
      39.84622920167241,
      38.21774873798086,
      33.647269343597586
    ]
  },
  "shap_values": {
    "rf_feature_importances": {
      "breakout_n": 0.18852828782115352,
      "trend_ma": 0.4072062006375132,
      "atr_stop_mult": 0.13024353064437522,
      "atr_trail_mult": 0.11542262728991833,
      "take_profit_r": 0.15859935360703972
    },
    "shap_mean_abs": {
      "breakout_n": 0.1257719160614774,
      "trend_ma": 0.3084767977829119,
      "atr_stop_mult": 0.035507756497880585,
      "atr_trail_mult": 0.030005711400988934,
      "take_profit_r": 0.08736023629537337
    },
    "shap_relative": {
      "breakout_n": 0.2142175331707427,
      "trend_ma": 0.5254045635208812,
      "atr_stop_mult": 0.06047760297843745,
      "atr_trail_mult": 0.05110639702913639,
      "take_profit_r": 0.1487939033008021
    },
    "shap_available": true,
    "n_estimators": 200,
    "model_r2_score": 0.03637675581562738
  },
  "hypothesis_tests": {
    "breakout_n": {
      "p_value": 0.028552867409246466,
      "significant": true,
      "ci_95": [
        -2.397160313686541,
        -0.13283968631345977
      ],
      "mean_diff": -1.2650000000000006,
      "mean_profit": 29.3675,
      "mean_loss": 30.6325,
      "t_stat": -2.1915933873113485,
      "n_profit": 800,
      "n_loss": 800
    },
    "trend_ma": {
      "p_value": 2.383193370888114e-06,
      "significant": true,
      "ci_95": [
        7.158043178986789,
        17.28195682101321
      ],
      "mean_diff": 12.219999999999999,
      "mean_profit": 116.11,
      "mean_loss": 103.89,
      "t_stat": 4.735111195290696,
      "n_profit": 800,
      "n_loss": 800
    },
    "atr_stop_mult": {
      "p_value": 0.4993110782435134,
      "significant": false,
      "ci_95": [
        -0.03723655624376587,
        0.07637686393235221
      ],
      "mean_diff": 0.01957015384429317,
      "mean_profit": 4.008063119232001,
      "mean_loss": 3.988492965387708,
      "t_stat": 0.6757282161518344,
      "n_profit": 800,
      "n_loss": 800
    },
    "atr_trail_mult": {
      "p_value": 0.6586151519235087,
      "significant": false,
      "ci_95": [
        -0.032906591403792505,
        0.052046185801592836
      ],
      "mean_diff": 0.009569797198900165,
      "mean_profit": 2.255746084789771,
      "mean_loss": 2.246176287590871,
      "t_stat": 0.4419086304069225,
      "n_profit": 800,
      "n_loss": 800
    },
    "take_profit_r": {
      "p_value": 0.028969555634070977,
      "significant": true,
      "ci_95": [
        -0.11971668856089661,
        -0.006478226974511683
      ],
      "mean_diff": -0.06309745776770415,
      "mean_profit": 2.968282133898285,
      "mean_loss": 3.0313795916659894,
      "t_stat": -2.1858745269491586,
      "n_profit": 800,
      "n_loss": 800
    }
  },
  "bootstrap_ci": {
    "breakout_n": {
      "ci_95_lo": 0.12067015587687464,
      "ci_95_hi": 0.25169870757084406,
      "mean": 0.17918562272312044,
      "std": 0.034686016326940225,
      "n_valid_bootstrap": 1000
    },
    "trend_ma": {
      "ci_95_lo": 0.2552763314355188,
      "ci_95_hi": 0.4386942449532645,
      "mean": 0.3434131960823872,
      "std": 0.04760574213246167,
      "n_valid_bootstrap": 1000
    },
    "atr_stop_mult": {
      "ci_95_lo": 0.11034202686317889,
      "ci_95_hi": 0.21410413537849085,
      "mean": 0.15407281985107743,
      "std": 0.027745209977174393,
      "n_valid_bootstrap": 1000
    },
    "atr_trail_mult": {
      "ci_95_lo": 0.10356596998278893,
      "ci_95_hi": 0.2018994849053071,
      "mean": 0.14694403945139667,
      "std": 0.025783917060099214,
      "n_valid_bootstrap": 1000
    },
    "take_profit_r": {
      "ci_95_lo": 0.12214161104879191,
      "ci_95_hi": 0.2548702830216976,
      "mean": 0.1763843218920183,
      "std": 0.03401183828338477,
      "n_valid_bootstrap": 1000
    }
  },
  "bootstrap_iterations": 1000,
  "per_combo_summary": {
    "n_combos_evaluated": 80,
    "best_oos_sharpe_combo": {
      "combo_id": 4,
      "breakout_n": 14,
      "trend_ma": 194,
      "atr_stop_mult": 4.271556165698687,