{
  "report_type": "v515_regime_split_analysis",
  "agent_id": "agent_6_diff_model",
  "version": "5.15",
  "timestamp": 1782662368.4419012,
  "timestamp_human": "2026-06-28 23:59:28",
  "inputs": {
    "live_latency_ms": 818.0,
    "n_symbols": 10,
    "n_regimes": 4,
    "n_samples_total": 8000,
    "target_diff_rate": 0.15
  },
  "regime_results": {
    "TRENDING": {
      "n_samples": 2000,
      "r_squared": 0.7235228295264988,
      "weights_pct": {
        "spread": 69.129378644775,
        "slippage": 17.91660412258168,
        "latency": 0.593366730204732,
        "liquidity": 12.360650502438602
      },
      "standardized_beta": {
        "spread": 6.909052819023461,
        "slippage": 1.7906535057480442,
        "latency": 0.05930332603019276,
        "liquidity": -1.2353703862676335
      },
      "diff_rate": 2.106481457752333,
      "sim_mean_bps": 7.87287034707415,
      "live_mean_bps": -8.711185060432202,
      "diff_bps": 16.58405540750635,
      "avg_costs_bps": {
        "spread": 14.875681352596438,
        "slippage": 0.785440270650934,
        "latency": 0.8219334462544103,
        "liquidity": 0.1816081759710392
      },
      "total_friction_bps": 16.66466324547282,
      "primary_bottleneck": "spread",
      "primary_bottleneck_weight": 69.129378644775,
      "pass_15pct": false
    },
    "RANGING": {
      "n_samples": 2000,
      "r_squared": 0.7346722222192424,
      "weights_pct": {
        "spread": 78.48290244549518,
        "slippage": 12.571677103866511,
        "latency": 2.2104747307984525,
        "liquidity": 6.734945719839838
      },
      "standardized_beta": {
        "spread": 6.991997933491314,
        "slippage": 1.1200036898711832,
        "latency": 0.19692995885965328,
        "liquidity": -0.6000125516254944
      },
      "diff_rate": 3.4966615235705523,
      "sim_mean_bps": 4.693560397882967,
      "live_mean_bps": -11.71823165744556,
      "diff_bps": 16.411792055328526,
      "avg_costs_bps": {
        "spread": 14.903937440477062,
        "slippage": 0.45757741703623994,
        "latency": 0.8845698572909277,
        "liquidity": 0.16807814777707467
      },
      "total_friction_bps": 16.414162862581303,
      "primary_bottleneck": "spread",
      "primary_bottleneck_weight": 78.48290244549518,
      "pass_15pct": false
    },
    "HIGH_VOL": {
      "n_samples": 2000,
      "r_squared": 0.7211347737509964,
      "weights_pct": {
        "spread": 75.33911454271757,
        "slippage": 12.176897563067174,
        "latency": 11.126409463380964,
        "liquidity": 1.3575784308342878
      },
      "standardized_beta": {
        "spread": 7.989369529718235,
        "slippage": 1.2913044564879739,
        "latency": 1.1799049840372338,
        "liquidity": 0.14396500165077358
      },
      "diff_rate": 1.8757268847875948,
      "sim_mean_bps": 12.221814583597592,
      "live_mean_bps": -10.70297161362124,
      "diff_bps": 22.924786197218832,
      "avg_costs_bps": {
        "spread": 14.886347342856403,
        "slippage": 2.284680659193778,
        "latency": 5.264562921905859,
        "liquidity": 0.23260718911069772
      },
      "total_friction_bps": 22.668198113066737,
      "primary_bottleneck": "spread",
      "primary_bottleneck_weight": 75.33911454271757,
      "pass_15pct": false
    },
    "LOW_VOL": {
      "n_samples": 2000,
      "r_squared": 0.7441859161085531,
      "weights_pct": {
        "spread": 72.73234145003407,
        "slippage": 15.234484622283503,
        "latency": 1.16127194557544,
        "liquidity": 10.871901982106966
      },
      "standardized_beta": {
        "spread": 6.852172341024358,
        "slippage": 1.4352530398087855,
        "latency": -0.10940436327553216,
        "liquidity": -1.0242506231880197
      },
      "diff_rate": 6.065623175900333,
      "sim_mean_bps": 2.5251036841844607,
      "live_mean_bps": -12.791223750221743,
      "diff_bps": 15.316327434406205,
      "avg_costs_bps": {
        "spread": 14.910246564244924,
        "slippage": 0.26252131781905746,
        "latency": 0.1253727441317952,
        "liquidity": 0.16255786206115252
      },
      "total_friction_bps": 15.460698488256929,
      "primary_bottleneck": "spread",
      "primary_bottleneck_weight": 72.73234145003407,
      "pass_15pct": false
    }
  },
  "regime_factor_matrix": {
    "matrix": {
      "TRENDING": {
        "spread": 69.129378644775,
        "slippage": 17.91660412258168,
        "latency": 0.593366730204732,
        "liquidity": 12.360650502438602
      },
      "RANGING": {
        "spread": 78.48290244549518,
        "slippage": 12.571677103866511,
        "latency": 2.2104747307984525,
        "liquidity": 6.734945719839838
      },
      "HIGH_VOL": {
        "spread": 75.33911454271757,
        "slippage": 12.176897563067174,
        "latency": 11.126409463380964,
        "liquidity": 1.3575784308342878
      },
      "LOW_VOL": {
        "spread": 72.73234145003407,
        "slippage": 15.234484622283503,
        "latency": 1.16127194557544,
        "liquidity": 10.871901982106966
      }
    },
    "factor_avg_weight_pct": {
      "spread": 73.92093427075545,
      "slippage": 14.474915852949717,
      "latency": 3.772880717489897,
      "liquidity": 7.831269158804924
    },
    "regime_diff_rate": {
      "TRENDING": 2.106481457752333,
      "RANGING": 3.4966615235705523,
      "HIGH_VOL": 1.8757268847875948,
      "LOW_VOL": 6.065623175900333
    },
    "highest_diff_regime": "LOW_VOL",
    "highest_diff_rate": 6.065623175900333,
    "highest_risk_factor": "spread",
    "highest_risk_factor_weight": 73.92093427075545
  },
  "regime_symbol_breakdown": [
    {
      "regime": "TRENDING",
      "symbol": "BTCUSDT",
      "sim_bps": 7.499552063130577,
      "live_bps": 1.4618337780939032,
      "diff_bps": 6.037718285036673,
      "diff_rate": 0.8050771877315617,
      "pass_15pct": false,
      "total_friction_bps": 5.863541933136181
    },
    {
      "regime": "TRENDING",
      "symbol": "ETHUSDT",
      "sim_bps": 8.134687597230938,
      "live_bps": 1.137154607439754,
      "diff_bps": 6.997532989791184,
      "diff_rate": 0.8602091850844951,
      "pass_15pct": false,
      "total_friction_bps": 7.023367024617722
    },
    {
      "regime": "TRENDING",
      "symbol": "SOLUSDT",
      "sim_bps": 8.299962098604896,
      "live_bps": -5.0902407650334895,
      "diff_bps": 13.390202863638386,
      "diff_rate": 1.6132848202133119,
      "pass_15pct": false,
      "total_friction_bps": 13.610494807796266
    },
    {
      "regime": "TRENDING",
      "symbol": "BNBUSDT",
      "sim_bps": 7.728859215183409,
      "live_bps": -1.9005065781327948,
      "diff_bps": 9.629365793316204,
      "diff_rate": 1.2458974247005736,
      "pass_15pct": false,
      "total_friction_bps": 9.347143089041555
    },
    {
      "regime": "TRENDING",
      "symbol": "XRPUSDT",
      "sim_bps": 8.816642796596541,
      "live_bps": -8.027315802689008,
      "diff_bps": 16.84395859928555,
      "diff_rate": 1.910473066219411,
      "pass_15pct": false,
      "total_friction_bps": 16.894104693989377
    },
    {
      "regime": "TRENDING",
      "symbol": "ADAUSDT",
      "sim_bps": 7.437260961944242,
      "live_bps": -12.187165935735187,
      "diff_bps": 19.624426897679427,
      "diff_rate": 2.638663211558273,
      "pass_15pct": false,
      "total_friction_bps": 19.8036347675643
    },
    {
      "regime": "TRENDING",
      "symbol": "AVAXUSDT",
      "sim_bps": 7.606952722400419,
      "live_bps": -14.029762302878373,
      "diff_bps": 21.636715025278793,
      "diff_rate": 2.844334099608662,
      "pass_15pct": false,
      "total_friction_bps": 22.155282340150524
    },
    {
      "regime": "TRENDING",
      "symbol": "DOTUSDT",
      "sim_bps": 7.359678327570193,
      "live_bps": -13.031460526645514,
      "diff_bps": 20.391138854215708,
      "diff_rate": 2.7706562629316998,
      "pass_15pct": false,