{
  "version": "v582",
  "timestamp": "2026-06-30T08:48:05.077676",
  "metrics": {
    "total_trades": 45,
    "total_pnl_pct": 53.4629015833049,
    "annual_return_pct": 26.73145079165245,
    "win_rate": 42.22222222222222,
    "avg_win_pct": 1.3265034965656801,
    "avg_loss_pct": 0.4154950192727298,
    "ev_per_trade_pct": 0.32001546519237667,
    "profit_factor": 2.3330434658272194,
    "sharpe_ratio": 2.3580939661890308,
    "max_drawdown_pct": 34.204859452304234,
    "max_single_loss_pct": 0.6895441103270564,
    "max_consecutive_losses": 6,
    "monthly_loss_prob": 35.294117647058826,
    "monthly_pnl": {
      "2024-07": 1.1009706026840254,
      "2024-08": 3.3713930175099436,
      "2024-09": -0.18976569048334202,
      "2024-10": 1.2090369722744094,
      "2024-11": 1.8954979729538561,
      "2025-02": 4.375894369484421,
      "2025-04": 2.5468632560330176,
      "2025-06": 0.9040628764515716,
      "2025-07": -0.8631782786885207,
      "2025-08": -0.883460024548287,
      "2025-09": -0.544124748927212,
      "2025-10": 3.644185683499087,
      "2025-11": -0.9635484401424994,
      "2025-12": -0.6399999999999999,
      "2026-03": 2.0521414229857506,
      "2026-05": 24.113373010461,
      "2026-06": 12.333559581757674
    },
    "monthly_trades": {
      "2024-07": 1,
      "2024-08": 2,
      "2024-09": 4,
      "2024-10": 4,
      "2024-11": 1,
      "2025-02": 2,
      "2025-04": 2,
      "2025-06": 2,
      "2025-07": 2,
      "2025-08": 5,
      "2025-09": 2,
      "2025-10": 4,
      "2025-11": 2,
      "2025-12": 1,
      "2026-03": 1,
      "2026-05": 5,
      "2026-06": 5
    },
    "exit_reasons": {
      "take_profit": 19,
      "price_soft_stop": 12,
      "time_price_exit": 6,
      "stop_loss": 8
    },
    "exit_avg_pnl": {
      "take_profit": 1.3265034965656801,
      "price_soft_stop": -0.4206695924278508,
      "time_price_exit": -0.23182583361849876,
      "stop_loss": -0.5454850487807217
    },
    "adx_analysis": {
      "weak": {
        "count": 16,
        "win_rate": 25.0,
        "total_pnl": 0.5143659647663753,
        "avg_win": 1.4152920997791962,
        "avg_loss": 0.42890020286253416,
        "ev": 0.032147872797898436
      },
      "strong": {
        "count": 12,
        "win_rate": 83.33333333333334,
        "total_pnl": 12.286935202512822,
        "avg_win": 1.335925570199253,
        "avg_loss": 0.5361602497398542,
        "ev": 1.0239112668760684
      },
      "moderate": {
        "count": 13,
        "win_rate": 15.384615384615385,
        "total_pnl": -1.5009743642857918,
        "avg_win": 1.411218148195042,
        "avg_loss": 0.393037332788716,
        "ev": -0.1154595664835224
      },
      "good": {
        "count": 4,
        "win_rate": 75.0,
        "total_pnl": 3.1003691306635406,
        "avg_win": 1.1202353457495071,
        "avg_loss": 0.26033690658498065,
        "ev": 0.7750922826658851
      }
    },
    "hurst_analysis": {
      "low": {
        "count": 30,
        "win_rate": 33.33333333333333,
        "total_pnl": 3.709014603570276
      },
      "neutral": {
        "count": 8,
        "win_rate": 62.5,
        "total_pnl": 6.481906792286959
      },
      "high": {
        "count": 7,
        "win_rate": 57.14285714285714,
        "total_pnl": 4.20977453779971
      }
    },
    "symbol_analysis": {
      "ETH_USDT": {
        "count": 5,
        "win_rate": 60.0,
        "total_pnl": 9.265358304862277,
        "ev": 0.7679572323137582
      },
      "DOGE_USDT": {
        "count": 8,
        "win_rate": 37.5,
        "total_pnl": 2.5974173132037577,
        "ev": 0.2574029771521272
      },
      "BNB_USDT": {
        "count": 8,
        "win_rate": 62.5,
        "total_pnl": 9.410422138057978,
        "ev": 0.5225345370419212
      },
      "ADA_USDT": {
        "count": 8,
        "win_rate": 37.5,
        "total_pnl": 11.915964469413861,
        "ev": 0.3562784370753247
      },
      "XRP_USDT": {
        "count": 4,
        "win_rate": 50.0,
        "total_pnl": 11.993343520859264,
        "ev": 0.49513786384832503
      },
      "LINK_USDT": {
        "count": 2,
        "win_rate": 0.0,
        "total_pnl": -1.19,
        "ev": -0.5309690309690256
      },
      "DOT_USDT": {
        "count": 4,
        "win_rate": 0.0,
        "total_pnl": -2.2859733948690204,
        "ev": -0.44090407081668903
      },
      "BTC_USDT": {
        "count": 4,
        "win_rate": 50.0,
        "total_pnl": 6.541315281604346,
        "ev": 0.41076774294443286
      },
      "LTC_USDT": {
        "count": 2,
        "win_rate": 50.0,
        "total_pnl": 5.215053950172432,
        "ev": 0.3365570399834718
      }
    }
  },
  "kpi": {
    "checks": {
      "annual_return": {
        "target": "gte 30.0",
        "actual": 26.73,
        "passed": false
      },
      "max_drawdown": {
        "target": "lte 15.0",
        "actual": 34.2,
        "passed": false
      },
      "win_rate": {
        "target": "gte 55.0",
        "actual": 42.22,
        "passed": false
      },
      "sharpe_ratio": {
        "target": "gte 1.5",
        "actual": 2.36,
        "passed": true
      },
      "ev_per_trade": {
        "target": "gte 0.5",
        "actual": 0.32,
        "passed": false
      },
      "profit_factor": {
        "target": "gte 1.5",
        "actual": 2.33,
        "passed": true
      },
      "monthly_loss_prob": {
        "target": "lte 35.0",
        "actual": 35.29,
        "passed": false
      },
      "max_consec_loss": {
        "target": "lte 3",
        "actual": 6,
        "passed": false
      },
      "single_loss_cap": {
        "target": "lte 2.0",
        "actual": 0.69,
        "passed": true
      }
    },
    "passed": 3,
    "total": 9,
    "pass_rate": 33.33333333333333
  },
  "root_causes": [
    {
      "priority": "MEDIUM",
      "category": "连续亏损",
      "finding": "最大连续亏损6次 > 3次目标",
      "impact_weight": 60.0,
      "counterfactual": null,
      "fix_direction": "增加连续亏损后暂停机制或降低仓位"
    },
    {
      "priority": "HIGH",
      "category": "月度稳定性",
      "finding": "月度亏损概率35.3% > 35%目标, 交易分布不均",
      "impact_weight": 35.294117647058826,
      "counterfactual": null,
      "fix_direction": "增加交易密度或使用月度风控平滑收益曲线"
    },
    {
      "priority": "HIGH",
      "category": "胜率",
      "finding": "胜率42.2% < 55%目标, 差距12.8%",
      "impact_weight": 23.232323232323235,
      "counterfactual": "如果胜率55%: EV≈0.54%",
      "fix_direction": "强化入场信号质量, 特别是ADX<20环境下的假突破过滤"
    },
    {
      "priority": "CRITICAL",
      "category": "ADX分级",
      "finding": "ADX<20信号拖累: 29笔(64%交易)产生-0.99%PnL",
      "impact_weight": 6.411833925921664,
      "counterfactual": "如果只交易ADX≥20: 16笔, PnL=+15.39%",
      "fix_direction": "v583应强化ADX<20的入场条件, 而非简单过滤或降仓"
    },
    {
      "priority": "HIGH",
      "category": "币种:DOT_USDT",
      "finding": "DOT_USDT: 4笔, 胜率0.0%, EV=-0.4409% (系统性亏损)",
      "impact_weight": 4.2758124366053325,
      "counterfactual": "移除DOT_USDT后总PnL≈+55.75%",
      "fix_direction": "暂停DOT_USDT交易或为DOT_USDT设计专属入场条件"
    },
    {
      "priority": "HIGH",
      "category": "币种:LINK_USDT",
      "finding": "LINK_USDT: 2笔, 胜率0.0%, EV=-0.5310% (系统性亏损)",
      "impact_weight": 2.2258425277306806,
      "counterfactual": "移除LINK_USDT后总PnL≈+54.65%",
      "fix_direction": "暂停LINK_USDT交易或为LINK_USDT设计专属入场条件"
    }
  ],
  "version_comparison": null
}