{
  "month_key": "2026-07",
  "metrics": {
    "month_key": "2026-07",
    "n_trades": 42,
    "n_wins": 17,
    "n_losses": 25,
    "win_rate": 40.476190476190474,
    "live_mlp_pct": 59.523809523809526,
    "live_gap_pct": 17.133497724402257,
    "live_single_loss_pct": 0.07805883285997797,
    "live_consec_loss": 12,
    "sim_pnl_total_usd": -13.146679749900393,
    "live_pnl_total_usd": -15.39916582568403,
    "cost_total_usd": 2.888725705220047,
    "avg_hold_bars": 6.690476190476191,
    "max_drawdown_pct": 0.4414330327089765,
    "sharpe": -5.785343761357282,
    "go_pass": false,
    "go_reasons": [
      "live_mlp=59.52% > 5%",
      "live_gap=17.13% > 15%",
      "live_consec_loss=12 > 3"
    ]
  },
  "tier2_metrics": {
    "tier1_pass": true,
    "consecutive_sim_go_months": 0,
    "live_mlp_pct": 59.523809523809526,
    "live_gap_pct": 17.133497724402257,
    "live_single_loss_pct": 0.07805883285997797,
    "live_consec_loss": 12,
    "capital_max_usd": 5000
  },
  "tier2_result": {
    "passed": false,
    "details": [
      "✅ Tier 1全部通过: True == True",
      "❌ 连续3月模拟GO: 0.0000 < 3 (BLOCK)",
      "❌ 实盘月度亏损概率≤5%: 59.5238 > 5.0 (BLOCK)",
      "❌ 实盘差异率≤15%: 17.1335 > 15.0 (BLOCK)",
      "✅ 实盘单次最大亏损≤2%本金: 0.0781 ≤ 2.0",
      "❌ 实盘连续亏损次数≤3: 12.0000 > 3 (BLOCK)",
      "✅ 资金上限$5,000: 5000.0000 ≤ 5000"
    ],
    "n_pass": 3,
    "n_total": 7
  },
  "consecutive_go_months": 0,
  "timestamp": "2026-07-14T17:36:04.486527+00:00"
}